Memory,False_Positive,
10,1,
10,1,
10,1,
50,0.741344,
50,0.744894,
50,0.732041,
100,0.331193,
100,0.327738,
100,0.328546,
