Memory,WMRE,RE,
200,0.685866,0.00368863,
200,0.684179,0.00295443,
200,0.681639,0.00311584,
300,0.363125,0.00208663,
300,0.373189,0.00161572,
300,0.365566,0.0017225,
400,0.220624,0.00192244,
400,0.229466,0.00127912,
400,0.225787,0.000987194,
500,0.158402,0.00112176,
500,0.16146,0.00272673,
500,0.161807,0.00149036,
